Director,Company Name,Company Name 2
Hagen Nicholas Roger John,To,MIHI LLC
Hagen Nicholas Roger John,N/A,INSE
MIHI LLC,INSE,N/A

Browne Lori M,To,Carpenter Mark D
Browne Lori M,N/A,FRTA
Carpenter Mark D,FRTA,N/A

MCWANE C PHILLIP,To,PAGE G RUFFNER JR
MCWANE C PHILLIP,N/A,NCOM
PAGE G RUFFNER JR,NCOM,N/A

TOCIO MARY ANN,To,Burke Mary Lou
TOCIO MARY ANN,N/A,BFAM
Burke Mary Lou,BFAM,N/A

Chi Gregory A.,To,Miosi Salvatore A
Chi Gregory A.,N/A,MTG
Miosi Salvatore A,MTG,N/A

MAHONEY SHELAGH E,To,DESCHENE NORMAND E
MAHONEY SHELAGH E,N/A,EBTC
DESCHENE NORMAND E,EBTC,N/A

STEPAN F QUINN JR,To,Boyce Michael Ross
STEPAN F QUINN JR,N/A,SCL
Boyce Michael Ross,SCL,N/A

ERNST MARK A,To,McCreary Lynn S.
ERNST MARK A,N/A,FISV
McCreary Lynn S.,FISV,N/A

Magovcevic Ivana,To,Koenig Scott
Magovcevic Ivana,N/A,AGTC
Koenig Scott,AGTC,N/A

Weiss Charles F.,To,Stevens Todd A.
Weiss Charles F.,N/A,CRC
Stevens Todd A.,CRC,N/A

Smith Christopher,To,Brugal Andres
Smith Christopher,N/A,IVAC
Brugal Andres,IVAC,N/A

